metric,technique,avg_rank,friedman_chi2,friedman_p,n_blocks
roc_auc,class_weight,4.28,51.883424408014534,1.1992390478740586e-07,25
roc_auc,smote@0.5,4.4,51.883424408014534,1.1992390478740586e-07,25
roc_auc,none,5.24,51.883424408014534,1.1992390478740586e-07,25
roc_auc,ros@1.0,5.36,51.883424408014534,1.1992390478740586e-07,25
roc_auc,smote@1.0,5.56,51.883424408014534,1.1992390478740586e-07,25
roc_auc,easy_ensemble,5.6,51.883424408014534,1.1992390478740586e-07,25
roc_auc,threshold,5.76,51.883424408014534,1.1992390478740586e-07,25
roc_auc,dirichlet@1.0,5.88,51.883424408014534,1.1992390478740586e-07,25
roc_auc,adasyn@1.0,6.6,51.883424408014534,1.1992390478740586e-07,25
roc_auc,smote_enn@1.0,7.84,51.883424408014534,1.1992390478740586e-07,25
roc_auc,rus@1.0,9.48,51.883424408014534,1.1992390478740586e-07,25
pr_auc,none,3.08,124.22586520947176,7.008515706820811e-22,25
pr_auc,threshold,3.6,124.22586520947176,7.008515706820811e-22,25
pr_auc,smote@0.5,4.12,124.22586520947176,7.008515706820811e-22,25
pr_auc,class_weight,4.52,124.22586520947176,7.008515706820811e-22,25
pr_auc,ros@1.0,5.08,124.22586520947176,7.008515706820811e-22,25
pr_auc,smote@1.0,5.84,124.22586520947176,7.008515706820811e-22,25
pr_auc,dirichlet@1.0,6.08,124.22586520947176,7.008515706820811e-22,25
pr_auc,easy_ensemble,6.48,124.22586520947176,7.008515706820811e-22,25
pr_auc,adasyn@1.0,7.2,124.22586520947176,7.008515706820811e-22,25
pr_auc,rus@1.0,10.0,124.22586520947176,7.008515706820811e-22,25
pr_auc,smote_enn@1.0,10.0,124.22586520947176,7.008515706820811e-22,25
f1,ros@1.0,3.92,72.39272727272726,1.5270675389179545e-11,25
f1,smote@1.0,4.36,72.39272727272726,1.5270675389179545e-11,25
f1,threshold,4.52,72.39272727272726,1.5270675389179545e-11,25
f1,class_weight,4.56,72.39272727272726,1.5270675389179545e-11,25
f1,smote@0.5,5.0,72.39272727272726,1.5270675389179545e-11,25
f1,adasyn@1.0,5.52,72.39272727272726,1.5270675389179545e-11,25
f1,dirichlet@1.0,5.76,72.39272727272726,1.5270675389179545e-11,25
f1,easy_ensemble,7.44,72.39272727272726,1.5270675389179545e-11,25
f1,smote_enn@1.0,7.6,72.39272727272726,1.5270675389179545e-11,25
f1,none,8.16,72.39272727272726,1.5270675389179545e-11,25
f1,rus@1.0,9.16,72.39272727272726,1.5270675389179545e-11,25
mcc,smote@0.5,3.76,78.29818181818177,1.0812496497837299e-12,25
mcc,smote@1.0,4.36,78.29818181818177,1.0812496497837299e-12,25
mcc,ros@1.0,4.72,78.29818181818177,1.0812496497837299e-12,25
mcc,threshold,4.76,78.29818181818177,1.0812496497837299e-12,25
mcc,class_weight,4.96,78.29818181818177,1.0812496497837299e-12,25
mcc,dirichlet@1.0,5.28,78.29818181818177,1.0812496497837299e-12,25
mcc,adasyn@1.0,5.76,78.29818181818177,1.0812496497837299e-12,25
mcc,none,6.8,78.29818181818177,1.0812496497837299e-12,25
mcc,easy_ensemble,7.68,78.29818181818177,1.0812496497837299e-12,25
mcc,smote_enn@1.0,8.28,78.29818181818177,1.0812496497837299e-12,25
mcc,rus@1.0,9.64,78.29818181818177,1.0812496497837299e-12,25
brier,none,2.36,189.15118397085604,2.9363526584840364e-35,25
brier,threshold,2.64,189.15118397085604,2.9363526584840364e-35,25
brier,smote@0.5,3.32,189.15118397085604,2.9363526584840364e-35,25
brier,dirichlet@1.0,3.8,189.15118397085604,2.9363526584840364e-35,25
brier,smote@1.0,5.32,189.15118397085604,2.9363526584840364e-35,25
brier,ros@1.0,6.12,189.15118397085604,2.9363526584840364e-35,25
brier,adasyn@1.0,6.36,189.15118397085604,2.9363526584840364e-35,25
brier,class_weight,6.44,189.15118397085604,2.9363526584840364e-35,25
brier,easy_ensemble,9.32,189.15118397085604,2.9363526584840364e-35,25
brier,smote_enn@1.0,9.96,189.15118397085604,2.9363526584840364e-35,25
brier,rus@1.0,10.36,189.15118397085604,2.9363526584840364e-35,25
prec_at_top,threshold,3.22,117.85060417429509,1.380503748548275e-20,25
prec_at_top,none,3.32,117.85060417429509,1.380503748548275e-20,25
prec_at_top,ros@1.0,4.48,117.85060417429509,1.380503748548275e-20,25
prec_at_top,smote@0.5,4.58,117.85060417429509,1.380503748548275e-20,25
prec_at_top,class_weight,4.6,117.85060417429509,1.380503748548275e-20,25
prec_at_top,adasyn@1.0,6.08,117.85060417429509,1.380503748548275e-20,25
prec_at_top,easy_ensemble,6.56,117.85060417429509,1.380503748548275e-20,25
prec_at_top,dirichlet@1.0,6.76,117.85060417429509,1.380503748548275e-20,25
prec_at_top,smote@1.0,6.82,117.85060417429509,1.380503748548275e-20,25
prec_at_top,smote_enn@1.0,9.78,117.85060417429509,1.380503748548275e-20,25
prec_at_top,rus@1.0,9.8,117.85060417429509,1.380503748548275e-20,25
empc,smote@0.5,4.32,51.132969034608344,1.650478551826408e-07,25
empc,class_weight,4.64,51.132969034608344,1.650478551826408e-07,25
empc,smote@1.0,5.0,51.132969034608344,1.650478551826408e-07,25
empc,none,5.28,51.132969034608344,1.650478551826408e-07,25
empc,threshold,5.28,51.132969034608344,1.650478551826408e-07,25
empc,ros@1.0,5.36,51.132969034608344,1.650478551826408e-07,25
empc,easy_ensemble,6.08,51.132969034608344,1.650478551826408e-07,25
empc,dirichlet@1.0,6.36,51.132969034608344,1.650478551826408e-07,25
empc,adasyn@1.0,6.84,51.132969034608344,1.650478551826408e-07,25
empc,smote_enn@1.0,7.24,51.132969034608344,1.650478551826408e-07,25
empc,rus@1.0,9.6,51.132969034608344,1.650478551826408e-07,25
