dataset,ir_level,model,roc_auc_correct,roc_auc_leaky,roc_auc_inflation,pr_auc_correct,pr_auc_leaky,pr_auc_inflation,f1_correct,f1_leaky,f1_inflation,mcc_correct,mcc_leaky,mcc_inflation
bank,0.02,hgb,0.8107128418969048,0.9991651214990864,0.18845227960218158,0.19361069576830922,0.9992719315569424,0.8056612357886331,0.20691471523760988,0.9901891984745416,0.7832744832369317,0.2075725473999892,0.9804233161675482,0.772850768767559
bank,0.02,lgbm,0.8174835277511795,0.9990320893918211,0.1815485616406416,0.19481460391300387,0.9991866552541131,0.8043720513411092,0.18668378115189677,0.9905262921757715,0.8038425110238747,0.20621277632548105,0.9811816348094031,0.774968858483922
bank,0.02,lr,0.7614975088734777,0.8004656751288793,0.03896816625540167,0.06395418739995823,0.7414595525279026,0.6775053651279443,0.09289983759719453,0.7436788758734582,0.6507790382762636,0.13177386335789198,0.4811888360318036,0.34941497267391164
bank,0.02,rf,0.838946618053363,0.9991127017734578,0.16016608372009478,0.1580791953683029,0.9991546368314076,0.8410754414631048,0.18649298760180053,0.9867600804896839,0.8002670928878833,0.17613673480379327,0.973471226020441,0.7973344912166478
bank,0.02,xgb,0.8187789352897379,0.9987037029017111,0.17992476761197318,0.20574714073819445,0.9988983481843796,0.7931512074461852,0.22247636361306597,0.9870241579481993,0.7645477943351333,0.21968400752564946,0.9741635613391313,0.7544795538134819
bank,0.05,hgb,0.8175684889750368,0.9948240153439534,0.17725552636891662,0.3393330283138887,0.9958162654820929,0.6564832371682042,0.32263398710938007,0.9726179582757468,0.6499839711663667,0.3112805545332042,0.9459270876870702,0.634646533153866
bank,0.05,lgbm,0.8178981419205807,0.9946470401972644,0.1767488982766836,0.338379209842155,0.9958478612988436,0.6574686514566885,0.30360827329012813,0.9756116902911418,0.6720034170010136,0.30692109953706725,0.9520757554556042,0.6451546559185369
bank,0.05,lr,0.7597466882978621,0.7862050152141871,0.026458326916324992,0.1528904718846599,0.7462896806562002,0.5933992087715403,0.1948050652717501,0.7260858573643658,0.5312807920926157,0.19078122978815873,0.4505009610334667,0.259719731245308
bank,0.05,rf,0.8192765217556264,0.9944602317789293,0.1751837100233029,0.27345285236837447,0.9949014364922057,0.7214485841238313,0.3166986627504269,0.9658501819908436,0.6491515192404167,0.28627800817960997,0.9315934040188614,0.6453153958392515
bank,0.05,xgb,0.8236101933073102,0.9933761702070494,0.16976597689973916,0.33936795115295604,0.9946236148763328,0.6552556637233767,0.3442518774959297,0.9677640610980157,0.623512183602086,0.32726692885508946,0.9365472210630703,0.6092802922079809
bank,0.1,hgb,0.8436486278377819,0.9859424570640505,0.14229382922626854,0.5418799259825273,0.9885428664286974,0.44666294044617005,0.5008181863566916,0.9479971358664534,0.4471789495097618,0.45980146618328827,0.8980713220996135,0.4382698559163252
bank,0.1,lgbm,0.8469665691497055,0.9873038978184039,0.1403373286686984,0.5477957032364097,0.9900888233726716,0.4422931201362619,0.4916759392475235,0.954352166146829,0.46267622689930554,0.4642658711597105,0.9110600990015325,0.446794227841822
bank,0.1,lr,0.7736731261294396,0.793458407049578,0.019785280920138426,0.27961356169458645,0.7584835334710271,0.4788699717764407,0.33550125709522743,0.7195281791439063,0.3840269220486789,0.27202112028872705,0.4446596152523351,0.17263849496360806
bank,0.1,rf,0.8444192159830223,0.9848912522800775,0.14047203629705518,0.4745025209739973,0.9855114438122888,0.5110089228382915,0.49706899088898227,0.9404623185295996,0.44339332764061734,0.4436656669083676,0.8811189154505873,0.4374532485422197
bank,0.1,xgb,0.8507976492490079,0.9843517703604863,0.13355412111147835,0.5524374650508154,0.9873208716362055,0.43488340658539015,0.5124125463015075,0.9442202678394942,0.43180772153798674,0.47236432082857793,0.8912107099392828,0.4188463891107048
bank,natural,hgb,0.8581810216336772,0.9625091146614673,0.10432809302779011,0.6981014431925223,0.9687778176859401,0.27067637449341775,0.6166007755207175,0.8996420327265541,0.2830412572058366,0.5306369159725872,0.8053516621519359,0.27471474617934866
bank,natural,lgbm,0.8574933318256521,0.9661571331531448,0.10866380132749265,0.6960198047190324,0.9728855694240904,0.2768657647050581,0.6080522603962983,0.9084048055564667,0.3003525451601684,0.5307207075000815,0.8235113446183849,0.29279063711830344
bank,natural,lr,0.7687876111778807,0.7805270194486646,0.011739408270783902,0.4557736400526363,0.7524274278102346,0.2966537877575983,0.4970065428541867,0.7112985409740245,0.21429199811983773,0.3453313078064144,0.42768155783729805,0.08235025003088364
bank,natural,rf,0.8545572964405318,0.9582911052908623,0.10373380885033046,0.6579217127133465,0.9587619586249694,0.30084024591162284,0.6111054327000232,0.8921319621558694,0.2810265294558463,0.5134566151990515,0.7852624024472264,0.27180578724817495
bank,natural,xgb,0.8612605560532414,0.961354243523678,0.10009368747043668,0.7012666396204102,0.968154772902408,0.2668881332819978,0.6191855520745364,0.8973105108940254,0.27812495881948895,0.5345183869285334,0.8012546325024165,0.2667362455738831
bankchurners,0.02,hgb,0.9834901235788434,0.9999650795847751,0.01647495600593174,0.7344795003745653,0.9999657068589721,0.2654862064844068,0.6402218581557354,0.9975180022806737,0.35729614412493826,0.6539481037992054,0.995036223659516,0.3410881198603106
bankchurners,0.02,lgbm,0.9867501927829956,0.9999701453287198,0.013219952545724167,0.7598260965071756,0.9999705008239514,0.24014440431677586,0.6357738171518089,0.9974108150012151,0.36163699784940617,0.6531018659476961,0.9948247686696987,0.34172290272200256
bankchurners,0.02,lr,0.9113411764705883,0.9488416055363322,0.03750042906574391,0.3145287915200676,0.9353792866832389,0.6208504951631713,0.18948185986655147,0.8876075238342035,0.6981256639676521,0.2562393237290217,0.7713912401307109,0.5151519164016892
bankchurners,0.02,rf,0.9741636282748394,0.9999468788927335,0.025783250617894105,0.5831455891485153,0.9999472825781145,0.41680169342959916,0.47431918424290237,0.9964018155532522,0.5220826313103499,0.4974798124196833,0.992802293355357,0.49532248093567366
bankchurners,0.02,xgb,0.9850974394463669,0.9999559723183391,0.014858532871972252,0.7412124609258858,0.9999566269301993,0.2587441660043135,0.6511666311258356,0.9969882265077039,0.3458215953818683,0.659868985980184,0.9939776811203491,0.33410869514016517
bankchurners,0.05,hgb,0.9890546992729676,0.9998172179930797,0.010762518720112024,0.882379014776375,0.9998172594243055,0.11743824464793051,0.8019652351127307,0.9941080868767712,0.19214285176404056,0.795758710048917,0.9882138907504054,0.19245518070148848
bankchurners,0.05,lgbm,0.9904779554968054,0.9998386989619377,0.00936074346513227,0.8930825790630722,0.9998391775142866,0.10675659845121444,0.8121769238142974,0.9941954899496556,0.18201856613535816,0.8069139032663025,0.9884044859712463,0.18149058270494378
bankchurners,0.05,lr,0.9156175692149519,0.9353115570934256,0.019693987878473762,0.49236524640294577,0.9269463023188248,0.43458105591587903,0.35806699700497424,0.8688663103360422,0.510799313331068,0.3835951469068718,0.7348072059424164,0.35121205903554464
bankchurners,0.05,rf,0.978723112286113,0.999628311418685,0.02090519913257205,0.7655241111332208,0.9996206123131983,0.2340965011799775,0.6817036368213424,0.9908840197460818,0.30918038292473937,0.6707708976684366,0.9817299883532311,0.31095909068479455
bankchurners,0.05,xgb,0.9882289872952927,0.9997591972318339,0.011530209936541191,0.8781941815609122,0.9997632714305021,0.12156908986958992,0.7978854716437291,0.9934403105885569,0.19555483894482772,0.7917028105414557,0.9868990072974181,0.19519619675596234
bankchurners,0.1,hgb,0.9932527789366339,0.9995016055363323,0.006248826599698387,0.952066187245071,0.9995008018734569,0.04743461462838594,0.8896444675823628,0.9906561045796005,0.1010116369972377,0.8779747633202355,0.9813025980344646,0.10332783471422913
bankchurners,0.1,lgbm,0.9940328452894159,0.999551972318339,0.005519127028923099,0.9560405721147055,0.999553197216525,0.043512625101819524,0.8945014154594566,0.9909880250305195,0.09648660957106292,0.8836610367026465,0.9819840309808968,0.09832299427825031
bankchurners,0.1,lr,0.924765188628643,0.9383688858131488,0.013603697184505825,0.660336699807549,0.9318538022766654,0.2715171024691163,0.5414747738851762,0.867395428285478,0.3259206544003018,0.514548491942554,0.7331436996187084,0.21859520767615437
bankchurners,0.1,rf,0.9856712981173557,0.9988088512110727,0.013137553093717003,0.8932007170980825,0.9987496170980958,0.10554890000001338,0.8185193947130867,0.9843813053136193,0.16586191060053268,0.7991353279722176,0.9686639434393585,0.16952861546714082
bankchurners,0.1,xgb,0.993046056247558,0.9994207612456748,0.006374704998116765,0.9500104971082379,0.9994266841490637,0.04941618704082573,0.8868589513883243,0.9893082702831291,0.1024493188948048,0.8748816469372676,0.9786217389101067,0.10374009197283918
bankchurners,natural,hgb,0.9937980712322683,0.9989968442906574,0.005198773058389117,0.9717589463359348,0.9989942553064247,0.02723530897048987,0.9161327059745122,0.9855259838732405,0.06939327789872829,0.9003395778830715,0.9710497278421302,0.07071014995905867
bankchurners,natural,lgbm,0.9944057829719901,0.9990972041522491,0.004691421180259003,0.9746175876102899,0.9990989672485352,0.02448137963824526,0.9199874035088087,0.9865294347811561,0.06654203127234737,0.9050799995255775,0.9730727913939599,0.06799279186838236
bankchurners,natural,lr,0.9240863990228465,0.9349167889273357,0.010830389904489146,0.741193062245607,0.9280645286291069,0.18687146638349994,0.6453979067741251,0.8626072422756187,0.21720933550149357,0.5827315778734022,0.7229708866217801,0.14023930874837787
bankchurners,natural,rf,0.9860160435277462,0.9974980761245675,0.011482032596821345,0.9346083752033154,0.9973984233928949,0.06279004818957945,0.865051566588762,0.9781717769698346,0.11312021038107256,0.8394842811535949,0.9562048414824083,0.1167205603288134
bankchurners,natural,xgb,0.9937129331815784,0.9988657716262976,0.005152838444719254,0.9715355465233064,0.9988746290252202,0.027339082501913747,0.9132073776853331,0.9847433575399818,0.07153597985464866,0.8968698357221928,0.9695014807414537,0.0726316450192609
iranian,0.02,hgb,0.9657606574216744,0.99973868726526,0.033978029843585666,0.7115240150765557,0.9997149276510097,0.28819091257445395,0.6307222735177507,0.9950800052522513,0.3643577317345006,0.631693758912648,0.990150813328325,0.358457054415677
iranian,0.02,lgbm,0.9701989385379215,0.9998835299917365,0.029684591453814968,0.7177181122099351,0.9998823326041175,0.28216422039418243,0.6431931184636194,0.9956772008238783,0.35248408236025897,0.6409572026054269,0.9913521973810253,0.35039499477559843
iranian,0.02,lr,0.9305050505050505,0.9525656385102904,0.02206058800523991,0.43507531969876934,0.9471108536550413,0.512035533956272,0.197539707738907,0.8924519678957975,0.6949122601568904,0.272824892858454,0.7806399712441526,0.5078150783856986
iranian,0.02,rf,0.9727615134394796,0.9996237777564982,0.026862264317018658,0.6137812463821575,0.9996157487679238,0.38583450238576633,0.5582343868691695,0.9910705452523634,0.4328361583831939,0.5557392057861179,0.9821110295177633,0.4263718237316454
iranian,0.02,xgb,0.9610587228214347,0.9995860420412752,0.03852731921984054,0.6826972533370218,0.9995439824832785,0.31684672914625667,0.6225940248684768,0.9934351495867442,0.37084112471826736,0.619181069712917,0.9868546819505382,0.3676736122376212
iranian,0.05,hgb,0.9848937315039009,0.9993565067509337,0.014462775247032766,0.8457291448408556,0.9993271270207964,0.1535979821799408,0.7522061617562227,0.9896924526914646,0.23748629093524187,0.7416129069910922,0.9793403859298974,0.2377274789388052
iranian,0.05,lgbm,0.9845816518697874,0.9994649614663021,0.014883309596514738,0.8302812983088843,0.9994328339491726,0.1691515356402883,0.7436769163765617,0.9907290723529694,0.24705215597640762,0.7335637481928888,0.9814248771271937,0.2478611289343049
iranian,0.05,lr,0.9269141781006188,0.9396595273814463,0.01274534928082749,0.5650256905104496,0.9348386381732707,0.36981294766282113,0.36426145650724806,0.8752749409541597,0.5110134844469116,0.3953293262822639,0.7458721842887609,0.350542858006497
iranian,0.05,rf,0.9843260694108151,0.9985035519096612,0.014177482498846095,0.7806878495887775,0.9982590684583142,0.2175712188695368,0.7196535991289698,0.9860828941624905,0.26642929503352075,0.7078231056706481,0.9720781069359807,0.26425500126533263
iranian,0.05,xgb,0.9814258810868981,0.999114558396374,0.017688677309475875,0.8155650654840388,0.9990533891263409,0.18348832364230205,0.7106043177637913,0.9879715874411735,0.27736726967738223,0.6974830029606336,0.9758759118662401,0.27839290890560653
iranian,0.1,hgb,0.982162852309362,0.9984956784803571,0.016332826170995185,0.9091867098719857,0.9984738510123133,0.08928714114032765,0.8197920806131331,0.9833157658845765,0.16352368527144334,0.8005338029223418,0.9665634797155144,0.1660296767931726
iranian,0.1,lgbm,0.9836298637045549,0.9987886267959044,0.015158763091349559,0.9050660938224269,0.9987951435015199,0.09372904967909301,0.8176679504414689,0.9841350617101409,0.16646711126867197,0.7982979651975017,0.9682178877167221,0.1699199225192204
iranian,0.1,lr,0.9332943917775863,0.937665279950064,0.0043708881724776605,0.6852622564016038,0.9329963032946487,0.2477340468930449,0.5358585913200411,0.8674663535695838,0.3316077622495427,0.5158258131083132,0.7302239660857549,0.2143981529774417
iranian,0.1,rf,0.9825101343802867,0.9971869159209962,0.014676781540709505,0.8827024666953254,0.997000646748101,0.11429818005277559,0.818919898790422,0.9783470742358916,0.15942717544546958,0.7995034729818532,0.9565072935227796,0.15700382054092643
iranian,0.1,xgb,0.9830399948929107,0.9980393742396998,0.014999379346789077,0.9051526494939728,0.9980081190411214,0.09285546954714863,0.8147137606693886,0.9811056456825006,0.16639188501311197,0.7946358314530584,0.9620684891881348,0.16743265773507643
iranian,natural,hgb,0.987551218398676,0.9974631952645933,0.009911976865917271,0.9514783169291023,0.9974126815157167,0.045934364586614373,0.8848649584181268,0.9810378884777873,0.09617293005966043,0.8634178562971812,0.9619175446417679,0.09849968834458678
iranian,natural,lgbm,0.9882192927390667,0.9977590517837573,0.009539759044690621,0.9490942592822416,0.9977280878526175,0.0486338285703759,0.8816586869374106,0.9812917548567637,0.09963306791935311,0.8595289448596546,0.962432022075658,0.10290307721600345
iranian,natural,lr,0.932625311495368,0.9354453984770943,0.0028200869817263108,0.7494480619042911,0.9287329579577107,0.17928489605341957,0.641737620716206,0.8661795738693272,0.2244419531531212,0.58587887644935,0.7268924144686717,0.1410135380193217
iranian,natural,rf,0.9851680648290818,0.9956096765155464,0.010441611686464625,0.9279239602854422,0.9950752400097583,0.06715127972431612,0.880776723567325,0.9762070450339608,0.09543032146663588,0.8586363895480688,0.9521777530849342,0.09354136353686548
iranian,natural,xgb,0.9870026060986512,0.9967611123524175,0.009758506253766286,0.9471839242751225,0.9967251946014305,0.04954127032630795,0.8748257370740018,0.9777205857974686,0.10289484872346677,0.8514591367515654,0.9552212980692854,0.10376216131771998
telco,0.02,hgb,0.8079038719871282,0.9981112900580704,0.1902074180709422,0.09611131882191494,0.9984527371608416,0.9023414183389267,0.04796472219941461,0.9883523904506801,0.9403876682512655,0.04395723970475229,0.9768484324106939,0.9328911927059416
telco,0.02,lgbm,0.8017001626405377,0.9979604983954045,0.1962603357548668,0.08464771446571877,0.9983253767943597,0.913677662328641,0.04806741331012741,0.9878229603551131,0.9397555470449857,0.046763795371755144,0.975814596573988,0.9290508012022328
telco,0.02,lr,0.8452280987933162,0.8967963716587777,0.051568272865461506,0.11929605753526192,0.8572416791133152,0.7379456215780532,0.12387638974784274,0.8241824937682684,0.7003061040204256,0.17885071824297025,0.6387214123202389,0.45987069407726866
telco,0.02,rf,0.7961166582913282,0.9985377825681141,0.20242112427678594,0.0912311874849833,0.9987183388018102,0.9074871513168269,0.0625845482524145,0.9862686131881149,0.9236840649357003,0.056490723788714475,0.9726126832063319,0.9161219594176174
telco,0.02,xgb,0.7987859836678272,0.9977611226648859,0.19897513899705876,0.09369610827460283,0.9982204826969295,0.9045243744223267,0.05854990115902894,0.9863921599493074,0.9278422587902785,0.05474764191038713,0.9729504313501013,0.9182027894397141
telco,0.05,hgb,0.7959391971902909,0.9927791503906052,0.19683995320031422,0.23040206071735037,0.9944631653876078,0.7640611046702575,0.23893870625920915,0.9697452673670927,0.7308065611078836,0.22148834626956657,0.9401134382242716,0.718625091954705
telco,0.05,lgbm,0.7918107177733599,0.9923556940473752,0.20054497627401535,0.2310419174063016,0.9942220622365564,0.7631801448302549,0.23198786254462178,0.9700279294054784,0.7380400668608567,0.21874066426030647,0.9408839712146719,0.7221433069543655
telco,0.05,lr,0.8253697844081497,0.8667776776646235,0.04140789325647387,0.24252878219092544,0.8494915484231196,0.6069627662321941,0.23525297086328897,0.7937958981402385,0.5585429272769495,0.24815446718537829,0.5757023152541181,0.3275478480687398
telco,0.05,rf,0.7988040821852239,0.9937438005342227,0.19493971834899881,0.22717336124761084,0.9940272186166798,0.7668538573690689,0.2398326723342644,0.9681878597162963,0.7283551873820319,0.21352694077611983,0.9364379669665851,0.7229110261904652
telco,0.05,xgb,0.7958411269996017,0.9921243253523134,0.19628319835271169,0.24072006624590236,0.9939530436307507,0.7532329773848483,0.250920814527246,0.9679045651379856,0.7169837506107396,0.23013581624664553,0.9364903448670705,0.7063545286204249
telco,0.1,hgb,0.8161785925863632,0.9830936543707328,0.16691506178436966,0.33742705053584743,0.9862203794870845,0.6487933289512371,0.3416000966517098,0.9374038134733119,0.5958037168216022,0.2825432174386912,0.8755867919957396,0.5930435745570484
telco,0.1,lgbm,0.8163991104383334,0.9829594736733054,0.16656036323497203,0.3368216423224846,0.9862375161008248,0.6494158737783402,0.32245613859345823,0.9378175233206969,0.6153613847272387,0.2682423386443595,0.8770676882422986,0.6088253495979392
telco,0.1,lr,0.8403041792253875,0.8651548039801321,0.024850624754744643,0.37823494087721926,0.8420728946158743,0.46383795373865505,0.3833452434812182,0.7919548001912652,0.408609556710047,0.342253502945163,0.5689383854490232,0.2266848825038602
telco,0.1,rf,0.8255828329548959,0.9809404720539713,0.1553576390990754,0.3352242121364941,0.9798443173397664,0.6446201052032723,0.3613211523603514,0.934585349432356,0.5732641970720047,0.29332846392091216,0.868013642336637,0.5746851784157249
telco,0.1,xgb,0.8235944239076605,0.9823045681400291,0.15871014423236862,0.3541319529366379,0.9855419954666661,0.6314100425300282,0.35178696018205313,0.9349226436505369,0.5831356834684838,0.2923502337793207,0.8710072013091334,0.5786569675298128
telco,natural,hgb,0.8317133374579267,0.9364111945267023,0.10469785706877555,0.6390817239004035,0.9431091067534482,0.30402738285304465,0.5914910839177608,0.8556550816745934,0.2641639977568325,0.4463421237759697,0.7115986364821655,0.26525651270619577
telco,natural,lgbm,0.829333500193483,0.9369741419612473,0.10764064176776433,0.6333775313972854,0.9445876328641787,0.3112101014668933,0.5830891505858921,0.8545466335154163,0.2714574829295242,0.4383724728431176,0.7107348605767726,0.272362387733655
telco,natural,lr,0.844179354907785,0.8591478105043697,0.014968455596584773,0.6530913105385615,0.8419998308312755,0.188908520292714,0.6300896855535253,0.7873299044969413,0.157240218943416,0.4786986791274839,0.5597509875557809,0.08105230842829703
telco,natural,rf,0.8330961333487669,0.9265902441360698,0.09349411078730296,0.6276452093440175,0.91788825037309,0.2902430410290725,0.6038672635264917,0.855896184490188,0.25202892096369633,0.4574536548377439,0.708430423579626,0.25097676874188213
telco,natural,xgb,0.8359286226913887,0.9369036516473913,0.10097502895600263,0.6484990851760858,0.9440750004559431,0.29557591527985727,0.6011184248262839,0.8543996267965517,0.2532812019702678,0.4593832922242032,0.7094223919958855,0.2500390997716823
telecom_bigml,0.02,hgb,0.9545236576289207,0.9999747614650661,0.04545110383614548,0.6571413950866287,0.9999750520284099,0.34283365694178114,0.5050973739023275,0.9974044836045466,0.49230710970221914,0.5413489590487481,0.9948130099299884,0.4534640508812403
telecom_bigml,0.02,lgbm,0.9643274853801169,0.9999832563865805,0.035655771006463555,0.6630638016574014,0.9999834122394294,0.336919610582028,0.43353386482798245,0.998069154581593,0.5645352897536104,0.4888838579392135,0.9961444546597634,0.5072605967205499
telecom_bigml,0.02,lr,0.7612445507708665,0.935492028316405,0.1742474775455385,0.11779141626860284,0.8929855294672716,0.7751941131986688,0.10338998164459376,0.9008842145174601,0.7974942328728664,0.11505389131193225,0.796333207452609,0.6812793161406768
telecom_bigml,0.02,rf,0.9518391812865497,0.9999369652200677,0.048097783933518046,0.42412327593993615,0.9999375296208894,0.5758142536809533,0.23314913981787044,0.9956244911805667,0.7624753513626963,0.2617786820751632,0.9912428709334397,0.7294641888582765
telecom_bigml,0.02,xgb,0.9524008506113769,0.9999380732533087,0.04753722264193183,0.6133926575661,0.9999396270415434,0.3865469694754434,0.5244088653005061,0.9968824364235417,0.47247357112303556,0.5346681742877863,0.9937639717304613,0.4590957974426749
telecom_bigml,0.05,hgb,0.9097684210526316,0.9993036626654356,0.08953524161280402,0.7639461930622552,0.999417808567044,0.2354716155047888,0.7109406430414822,0.9907869808983142,0.279846337856832,0.7086243425711704,0.9816322600706999,0.2730079174995296
telecom_bigml,0.05,lgbm,0.9101707602339181,0.9996284395198523,0.08945767928593418,0.750991542494038,0.9996686382965827,0.2486770958025447,0.677771496403344,0.9924410904373111,0.3146695940339671,0.684083450560709,0.9849271212260995,0.30084367066539053
telecom_bigml,0.05,lr,0.7692327485380117,0.8719273622653124,0.10269461372730071,0.22758186718814483,0.8367461432358146,0.6091642760476699,0.23484699771432532,0.7953888688654213,0.5605418711510959,0.23496509030477264,0.5865806303947061,0.35161554008993345
telecom_bigml,0.05,rf,0.8977684210526315,0.9995005232379194,0.10173210218528783,0.6658734861408142,0.9995087490553093,0.3336352629144951,0.5854512162920466,0.9886955287433995,0.40324431245135295,0.5869474028088159,0.9774342581720208,0.39048685536320493
telecom_bigml,0.05,xgb,0.913698245614035,0.9991457063711912,0.08544746075715615,0.7520089796603899,0.9993056478369019,0.24729666817651197,0.70500350839544,0.9907182783618856,0.2857147699664456,0.7019165730836215,0.9814911522139355,0.2795745791303139
telecom_bigml,0.1,hgb,0.9114723614592034,0.9963885503231764,0.08491618886397301,0.8385780724498437,0.9972475304196879,0.15866945796984422,0.7921030879785266,0.982283183267031,0.19018009528850444,0.7765451518677488,0.9648477655393551,0.1883026136716064
telecom_bigml,0.1,lgbm,0.9096024262043998,0.9975514927670052,0.08794906656260537,0.8428911628782803,0.9980191526174671,0.15512798973918684,0.794330924699382,0.9841716208300498,0.18984069613066779,0.781436886519015,0.968664886416866,0.187227999897851
telecom_bigml,0.1,lr,0.7920828634085213,0.8546063404124347,0.06252347700391336,0.35251164772597227,0.8189815062778786,0.4664698585519063,0.3673673786498845,0.7957585195277552,0.4283911408778707,0.3082524803993,0.5840538222284607,0.2758013418291607
telecom_bigml,0.1,rf,0.9035872667780562,0.9970390889504464,0.09345182217239012,0.780270938738998,0.9972207927569592,0.21694985401796119,0.7424743764993669,0.9735983774974336,0.23112400099806674,0.720624904235981,0.9474970884511599,0.22687218421517885
telecom_bigml,0.1,xgb,0.910428118908382,0.9959330255463219,0.08550490663793986,0.8356003545514742,0.9968937898834125,0.1612934353319383,0.7805432187905084,0.9794453483085597,0.1989021295180513,0.762839014573022,0.9592699549017741,0.1964309403287522
telecom_bigml,natural,hgb,0.9170417721709773,0.9932933210218529,0.0762515488508756,0.8690113888062979,0.9950449793171974,0.12603359051089946,0.833367270036763,0.9751184876218576,0.14175121758509457,0.8109832360525759,0.9508271651732235,0.13984392912064758
telecom_bigml,natural,lgbm,0.9156934572255381,0.9945739612188366,0.07888050399329849,0.8712708177398963,0.9958929733029231,0.1246221555630268,0.8326030804288659,0.9764879863836584,0.14388490595479253,0.8102189703462147,0.9535710804949903,0.14335211014877558
telecom_bigml,natural,lr,0.8063403719780551,0.8467790704832255,0.040438698505170456,0.4473249726614961,0.8152466963471926,0.3679217236856965,0.4672127486314361,0.7826609901561955,0.3154482415247594,0.37453802098124295,0.5619140463261574,0.18737602534491443
telecom_bigml,natural,rf,0.9121955145595949,0.9937567251461988,0.08156121058660393,0.8354481105688625,0.9943252411574677,0.1588771305886052,0.7962908121569461,0.9590871653811187,0.16279635322417263,0.7637276829909476,0.9190557961807034,0.1553281131897558
telecom_bigml,natural,xgb,0.9142861653704708,0.9922963373345646,0.07801017196409377,0.8651378913161146,0.994301412246175,0.12916352093006034,0.8283423927552623,0.9717998387768142,0.14345744602155186,0.8034911707098962,0.9442213138075972,0.14073014309770104
