Strategy,ROC-AUC,PR-AUC,F1,EMPC
Class weighting,0.000 (51),-0.002 (31),+0.014 (75),+0.002 (53)
Threshold tuning,0.000 (27),0.000 (26),+0.022 (78),0.000 (30)
Random oversampling,0.000 (46),-0.001 (35),+0.020 (79),+0.002 (51)
Random undersampling,-0.006 (19),-0.020 (5),-0.025 (38),-0.106 (20)
SMOTE (1.0),0.000 (42),-0.004 (30),+0.015 (77),-0.006 (48)
SMOTE (0.5),0.000 (52),-0.002 (33),+0.015 (80),+0.007 (51)
ADASYN,0.000 (36),-0.004 (26),+0.017 (76),-0.026 (41)
SMOTE-ENN,-0.002 (30),-0.021 (10),-0.021 (48),-0.047 (36)
Dirichlet ExtSMOTE,0.000 (40),-0.004 (30),+0.006 (67),-0.011 (42)
EasyEnsemble,0.000 (51),-0.006 (25),-0.022 (42),-0.019 (44)
