ir_level,model,metric,tau,same_best,best_temporal,best_random
0.1,hgb,roc_auc,0.5555555555555556,False,easy_ensemble,none
0.1,hgb,pr_auc,0.5185185185185185,False,class_weight,none
0.1,hgb,f1,0.5636363636363636,False,easy_ensemble,class_weight
0.1,hgb,empc,0.4074074074074074,False,easy_ensemble,none
0.1,lgbm,roc_auc,0.5636363636363636,False,threshold,none
0.1,lgbm,pr_auc,0.41818181818181815,False,threshold,none
0.1,lgbm,f1,0.6727272727272727,False,easy_ensemble,class_weight
0.1,lgbm,empc,0.1272727272727273,False,smote@0.5,threshold
0.1,lr,roc_auc,-0.07407407407407407,False,easy_ensemble,dirichlet@1.0
0.1,lr,pr_auc,0.18518518518518517,False,adasyn@1.0,dirichlet@1.0
0.1,lr,f1,0.23636363636363636,False,rus@1.0,threshold
0.1,lr,empc,0.37037037037037035,False,smote@1.0,dirichlet@1.0
0.1,rf,roc_auc,0.1272727272727273,False,easy_ensemble,class_weight
0.1,rf,pr_auc,0.34545454545454546,False,easy_ensemble,threshold
0.1,rf,f1,0.6000000000000001,False,easy_ensemble,threshold
0.1,rf,empc,0.16363636363636364,False,easy_ensemble,class_weight
0.1,xgb,roc_auc,0.4909090909090909,False,easy_ensemble,threshold
0.1,xgb,pr_auc,0.45454545454545453,False,easy_ensemble,none
0.1,xgb,f1,0.5272727272727272,False,easy_ensemble,threshold
0.1,xgb,empc,0.16363636363636364,False,smote@0.5,class_weight
0.2,hgb,roc_auc,0.3333333333333333,False,easy_ensemble,none
0.2,hgb,pr_auc,0.18518518518518517,False,easy_ensemble,none
0.2,hgb,f1,0.5272727272727272,False,smote_enn@1.0,class_weight
0.2,hgb,empc,0.2962962962962963,False,dirichlet@1.0,none
0.2,lgbm,roc_auc,-0.0909090909090909,False,smote_enn@1.0,none
0.2,lgbm,pr_auc,-0.018181818181818184,False,ros@1.0,none
0.2,lgbm,f1,0.7090909090909091,False,smote_enn@1.0,threshold
0.2,lgbm,empc,0.2727272727272727,False,none,threshold
0.2,lr,roc_auc,0.6666666666666666,True,dirichlet@1.0,dirichlet@1.0
0.2,lr,pr_auc,0.6666666666666666,True,dirichlet@1.0,dirichlet@1.0
0.2,lr,f1,0.45454545454545453,False,easy_ensemble,threshold
0.2,lr,empc,0.2222222222222222,False,dirichlet@1.0,adasyn@1.0
0.2,rf,roc_auc,-0.4909090909090909,False,easy_ensemble,ros@1.0
0.2,rf,pr_auc,-0.16363636363636364,False,easy_ensemble,ros@1.0
0.2,rf,f1,0.7454545454545454,False,smote_enn@1.0,threshold
0.2,rf,empc,-0.38181818181818183,False,easy_ensemble,dirichlet@1.0
0.2,xgb,roc_auc,-0.05454545454545454,False,smote_enn@1.0,class_weight
0.2,xgb,pr_auc,0.05454545454545454,False,smote_enn@1.0,class_weight
0.2,xgb,f1,0.5636363636363636,False,smote_enn@1.0,threshold
0.2,xgb,empc,0.2727272727272727,False,easy_ensemble,class_weight
natural,hgb,roc_auc,0.08571428571428572,False,smote_enn@1.0,easy_ensemble
natural,hgb,pr_auc,-0.19999999999999998,False,smote_enn@1.0,easy_ensemble
natural,hgb,f1,0.4444444444444444,True,threshold,threshold
natural,hgb,empc,0.4857142857142857,True,class_weight,class_weight
natural,lgbm,roc_auc,-0.16666666666666666,False,smote_enn@1.0,easy_ensemble
natural,lgbm,pr_auc,-0.2222222222222222,False,smote_enn@1.0,easy_ensemble
natural,lgbm,f1,0.2777777777777778,True,threshold,threshold
natural,lgbm,empc,0.3888888888888889,False,easy_ensemble,none
natural,lr,roc_auc,-0.08571428571428572,False,smote_enn@1.0,rus@1.0
natural,lr,pr_auc,0.19999999999999998,False,smote_enn@1.0,ros@1.0
natural,lr,f1,0.6666666666666666,True,threshold,threshold
natural,lr,empc,0.14285714285714285,False,smote_enn@1.0,rus@1.0
natural,rf,roc_auc,-0.05555555555555555,False,smote_enn@1.0,easy_ensemble
natural,rf,pr_auc,-0.2222222222222222,False,smote_enn@1.0,easy_ensemble
natural,rf,f1,0.16666666666666666,True,threshold,threshold
natural,rf,empc,-0.1111111111111111,False,smote_enn@1.0,ros@1.0
natural,xgb,roc_auc,0.16666666666666666,False,smote_enn@1.0,easy_ensemble
natural,xgb,pr_auc,0.2777777777777778,False,smote_enn@1.0,easy_ensemble
natural,xgb,f1,0.2777777777777778,True,threshold,threshold
natural,xgb,empc,0.3333333333333333,True,easy_ensemble,easy_ensemble
