ir_level,lens_split,technique,metric,median_delta,win_rate,n_pairs,p,p_holm
0.1,random,adasyn@1.0,roc_auc,-0.010080016907551614,0.2,40,5.723268259316683e-08,4.578614607453346e-07
0.1,random,adasyn@1.0,pr_auc,-0.033774342909607846,0.225,40,9.583873179508373e-07,5.750323907705024e-06
0.1,random,adasyn@1.0,f1,0.22900307685048832,1.0,40,1.8189894035458565e-12,1.8189894035458565e-11
0.1,random,adasyn@1.0,mcc,0.07375956371659904,0.95,40,2.4920154828578234e-10,9.968061931431293e-10
0.1,random,adasyn@1.0,empc,-0.13143524242757187,0.225,40,9.583873179508373e-07,6.708711225655861e-06
0.1,random,class_weight,roc_auc,-0.0016903006482597016,0.3,40,0.006096451763369259,0.012192903526738519
0.1,random,class_weight,pr_auc,-0.008394624011713037,0.125,40,3.8077105273259804e-06,1.5230842109303921e-05
0.1,random,class_weight,f1,0.2436069982982737,1.0,40,1.8189894035458565e-12,1.8189894035458565e-11
0.1,random,class_weight,mcc,0.10670152338310745,1.0,40,1.8189894035458565e-12,1.8189894035458565e-11
0.1,random,class_weight,empc,-0.013626035744577769,0.45,40,0.48452077669571736,0.48452077669571736
0.1,random,dirichlet@1.0,roc_auc,-0.005642015303438053,0.25,40,1.9500828784657642e-05,9.750414392328821e-05
0.1,random,dirichlet@1.0,pr_auc,-0.018046075347719306,0.3,40,3.813006878772285e-05,0.00011439020636316855
0.1,random,dirichlet@1.0,f1,0.15929835097465156,0.975,40,3.637978807091713e-12,1.8189894035458565e-11
0.1,random,dirichlet@1.0,mcc,0.03557062894874105,0.8,40,1.6943467926466838e-06,1.6943467926466838e-06
0.1,random,dirichlet@1.0,empc,-0.05376624548236175,0.3,40,0.00014039414600119926,0.0007019707300059963
0.1,random,easy_ensemble,roc_auc,-0.003004132872697629,0.275,40,0.00017029843002092093,0.0006811937200836837
0.1,random,easy_ensemble,pr_auc,-0.014339304077151394,0.125,40,1.0437361197546124e-08,8.3498889580369e-08
0.1,random,easy_ensemble,f1,0.23262808359544218,1.0,40,3.568126323893353e-08,3.568126323893353e-08
0.1,random,easy_ensemble,mcc,0.11100642001074357,0.975,40,5.4569682106375694e-12,3.2741809263825417e-11
0.1,random,easy_ensemble,empc,-0.06140300276308497,0.25,40,0.00028057557574356906,0.0011223023029742762
0.1,random,ros@1.0,roc_auc,-0.0029763398535374574,0.2,40,0.0006032901037542615,0.0018098703112627845
0.1,random,ros@1.0,pr_auc,-0.005587388432481591,0.225,40,0.00023327588314714376,0.0004665517662942875
0.1,random,ros@1.0,f1,0.2408228699229199,1.0,40,1.8189894035458565e-12,1.8189894035458565e-11
0.1,random,ros@1.0,mcc,0.10182212830520757,1.0,40,1.8189894035458565e-12,1.8189894035458565e-11
0.1,random,ros@1.0,empc,-0.022304804664096567,0.35,40,0.046610625882749446,0.13983187764824834
0.1,random,rus@1.0,roc_auc,-0.02266376487651045,0.05,40,6.002665031701326e-11,6.002665031701326e-10
0.1,random,rus@1.0,pr_auc,-0.04167004053992475,0.025,40,1.8189894035458565e-11,1.8189894035458565e-10
0.1,random,rus@1.0,f1,0.22034053962266392,1.0,40,1.8189894035458565e-12,1.8189894035458565e-11
0.1,random,rus@1.0,mcc,0.0988269338682953,0.975,40,6.002665031701326e-11,3.001332515850663e-10
0.1,random,rus@1.0,empc,-0.2506499290134495,0.075,40,1.000444171950221e-10,1.000444171950221e-09
0.1,random,smote@0.5,roc_auc,-0.0072812253040119845,0.2,40,4.5276301534613594e-06,2.7165780920768157e-05
0.1,random,smote@0.5,pr_auc,-0.018315964147528563,0.275,40,1.8586324586067349e-06,9.293162293033674e-06
0.1,random,smote@0.5,f1,0.2043644928378105,1.0,40,1.8189894035458565e-12,1.8189894035458565e-11
0.1,random,smote@0.5,mcc,0.0698008968172746,0.875,40,7.839844329282641e-09,1.5679688658565283e-08
0.1,random,smote@0.5,empc,-0.11316444749911703,0.25,40,3.8077105273259804e-06,2.2846263163955882e-05
0.1,random,smote@1.0,roc_auc,-0.010645629133805845,0.25,40,3.489894879749045e-07,2.4429264158243313e-06
0.1,random,smote@1.0,pr_auc,-0.025914164032816045,0.225,40,8.20273271529004e-08,5.741912900703028e-07
0.1,random,smote@1.0,f1,0.21968515334058045,1.0,40,1.8189894035458565e-12,1.8189894035458565e-11
0.1,random,smote@1.0,mcc,0.08184492907459201,0.9,40,5.029505700804293e-09,1.508851710241288e-08
0.1,random,smote@1.0,empc,-0.12536016158915175,0.2,40,4.299272404750809e-07,3.4394179238006473e-06
0.1,random,smote_enn@1.0,roc_auc,-0.015289461690751849,0.05,40,6.002665031701326e-11,6.002665031701326e-10
0.1,random,smote_enn@1.0,pr_auc,-0.048521664770548145,0.1,40,6.775735528208315e-09,6.098161975387484e-08
0.1,random,smote_enn@1.0,f1,0.22689117024097774,1.0,40,1.8189894035458565e-12,1.8189894035458565e-11
0.1,random,smote_enn@1.0,mcc,0.084933637240629,0.975,40,3.637978807091713e-12,2.546585164964199e-11
0.1,random,smote_enn@1.0,empc,-0.15122902308458552,0.075,40,9.74978320300579e-10,8.774804882705212e-09
0.1,random,threshold,roc_auc,0.0,0.3,40,0.6682351417952492,0.6682351417952492
0.1,random,threshold,pr_auc,0.0,0.35,40,0.8414805811217939,0.8414805811217939
0.1,random,threshold,f1,0.25004875226257306,1.0,40,1.8189894035458565e-12,1.8189894035458565e-11
0.1,random,threshold,mcc,0.10991095201600731,1.0,40,1.8189894035458565e-12,1.8189894035458565e-11
0.1,random,threshold,empc,0.0,0.325,40,0.17931823604537578,0.35863647209075156
0.1,temporal,adasyn@1.0,roc_auc,-0.0005307855626327518,0.475,40,0.17008811905543553,1.0
0.1,temporal,adasyn@1.0,pr_auc,-0.0034807967118534455,0.325,40,0.02685272056623944,0.21482176452991553
0.1,temporal,adasyn@1.0,f1,0.2027767274255058,1.0,40,3.568126323893353e-08,3.568126323893353e-08
0.1,temporal,adasyn@1.0,mcc,0.11408321077254885,0.975,40,3.637978807091713e-12,1.8189894035458565e-11
0.1,temporal,adasyn@1.0,empc,-0.024650427022259502,0.4,40,0.060269491961662425,0.4821559356932994
0.1,temporal,class_weight,roc_auc,0.00198069795527428,0.575,40,0.35409228332900966,1.0
0.1,temporal,class_weight,pr_auc,0.002815981363017195,0.575,40,0.08920892782589362,0.5553060336842464
0.1,temporal,class_weight,f1,0.24145035599020426,1.0,40,1.8189894035458565e-12,1.8189894035458565e-11
0.1,temporal,class_weight,mcc,0.13746811805405812,0.975,40,1.8189894035458565e-11,5.4569682106375694e-11
0.1,temporal,class_weight,empc,0.004150610857097781,0.55,40,0.7546940826050559,1.0
0.1,temporal,dirichlet@1.0,roc_auc,-3.443564431937496e-07,0.5,40,0.4679718594561564,1.0
0.1,temporal,dirichlet@1.0,pr_auc,-0.004765016588201013,0.35,40,0.07932943338346377,0.5553060336842464
0.1,temporal,dirichlet@1.0,f1,0.1295739475409393,0.95,40,1.8189894035458565e-11,3.637978807091713e-11
0.1,temporal,dirichlet@1.0,mcc,0.06824973081314789,0.925,40,5.584297468885779e-10,5.584297468885779e-10
0.1,temporal,dirichlet@1.0,empc,-0.018502584994245896,0.475,40,0.6752568088832049,1.0
0.1,temporal,easy_ensemble,roc_auc,0.005889106124314425,0.8,40,6.718428085150663e-05,0.0006718428085150663
0.1,temporal,easy_ensemble,pr_auc,0.004427360956245852,0.675,40,0.003867510851705447,0.03867510851705447
0.1,temporal,easy_ensemble,f1,0.28188264488319537,1.0,40,1.8189894035458565e-12,1.8189894035458565e-11
0.1,temporal,easy_ensemble,mcc,0.17968372800797877,1.0,40,1.8189894035458565e-12,1.8189894035458565e-11
0.1,temporal,easy_ensemble,empc,0.03527034292883191,0.7,40,0.005332173790520756,0.053321737905207556
0.1,temporal,ros@1.0,roc_auc,-0.0018500779340628881,0.45,40,0.19685455255421402,1.0
0.1,temporal,ros@1.0,pr_auc,0.0006112937159002269,0.525,40,0.42797189528209856,0.9940047195093977
0.1,temporal,ros@1.0,f1,0.2311877858523524,1.0,40,1.8189894035458565e-12,1.8189894035458565e-11
0.1,temporal,ros@1.0,mcc,0.12837932199138763,0.975,40,3.637978807091713e-12,1.8189894035458565e-11
0.1,temporal,ros@1.0,empc,-0.008858121370222571,0.45,40,0.3073915451623179,1.0
0.1,temporal,rus@1.0,roc_auc,-0.005671607667520173,0.375,40,0.03944668134499807,0.3550201321049826
0.1,temporal,rus@1.0,pr_auc,-0.007717668476937542,0.3,40,0.004052109774420387,0.03867510851705447
0.1,temporal,rus@1.0,f1,0.25938986697127314,1.0,40,1.8189894035458565e-12,1.8189894035458565e-11
0.1,temporal,rus@1.0,mcc,0.16799868555420724,1.0,40,1.8189894035458565e-12,1.8189894035458565e-11
0.1,temporal,rus@1.0,empc,-0.060149978292484474,0.325,40,0.01302583178403438,0.11723248605630943
0.1,temporal,smote@0.5,roc_auc,4.231435682400253e-05,0.5,40,0.9523059934635967,1.0
0.1,temporal,smote@0.5,pr_auc,-0.0010403402466139383,0.45,40,0.4679718594561564,0.9940047195093977
0.1,temporal,smote@0.5,f1,0.15485375310360924,1.0,40,1.8189894035458565e-12,1.8189894035458565e-11
0.1,temporal,smote@0.5,mcc,0.08667436591493119,0.925,40,3.456079866737127e-11,6.912159733474255e-11
0.1,temporal,smote@0.5,empc,7.252748831132472e-05,0.5,40,0.9100459608780511,1.0
0.1,temporal,smote@1.0,roc_auc,1.9400359708321435e-05,0.5,40,0.5099141109240009,1.0
0.1,temporal,smote@1.0,pr_auc,-0.004483828081105312,0.375,40,0.12810258085846726,0.590745338013221
0.1,temporal,smote@1.0,f1,0.20024586093238939,1.0,40,1.8189894035458565e-12,1.8189894035458565e-11
0.1,temporal,smote@1.0,mcc,0.11625462118866414,1.0,40,1.8189894035458565e-12,1.8189894035458565e-11
0.1,temporal,smote@1.0,empc,0.008092256423736566,0.525,40,0.617864971896779,1.0
0.1,temporal,smote_enn@1.0,roc_auc,0.0011574800554009501,0.575,40,0.7046876743079338,1.0
0.1,temporal,smote_enn@1.0,pr_auc,-0.0022123754613452423,0.4,40,0.11814906760264421,0.590745338013221
0.1,temporal,smote_enn@1.0,f1,0.2567779689737222,1.0,40,1.8189894035458565e-12,1.8189894035458565e-11
0.1,temporal,smote_enn@1.0,mcc,0.15694698502122695,1.0,40,1.8189894035458565e-12,1.8189894035458565e-11
0.1,temporal,smote_enn@1.0,empc,0.020877916262130536,0.65,40,0.33356623058170953,1.0
0.1,temporal,threshold,roc_auc,0.0,0.425,40,0.1299533902149312,1.0
0.1,temporal,threshold,pr_auc,0.0,0.4,40,0.3313349065031326,0.9940047195093977
0.1,temporal,threshold,f1,0.24820790584062113,1.0,40,1.8189894035458565e-12,1.8189894035458565e-11
0.1,temporal,threshold,mcc,0.14583202568224615,1.0,40,1.8189894035458565e-12,1.8189894035458565e-11
0.1,temporal,threshold,empc,0.0,0.275,40,0.5872281657620673,1.0
0.2,random,adasyn@1.0,roc_auc,-0.00848915754889229,0.1,40,2.697561285458505e-09,1.8882928998209536e-08
0.2,random,adasyn@1.0,pr_auc,-0.008813057894667492,0.175,40,4.5276301534613594e-06,2.7165780920768157e-05
0.2,random,adasyn@1.0,f1,0.23962849291174254,1.0,40,1.8189894035458565e-12,1.8189894035458565e-11
0.2,random,adasyn@1.0,mcc,0.10327778331949528,1.0,40,1.8189894035458565e-12,1.8189894035458565e-11
0.2,random,adasyn@1.0,empc,-0.05451331116106495,0.275,40,0.00014978252875152975,0.0010484777012607083
0.2,random,class_weight,roc_auc,-0.0016389587281946394,0.275,40,0.0025129065124929184,0.007538719537478755
0.2,random,class_weight,pr_auc,-0.003257961549751942,0.3,40,0.02884993747647968,0.08654981242943904
0.2,random,class_weight,f1,0.2534708149475894,1.0,40,1.8189894035458565e-12,1.8189894035458565e-11
0.2,random,class_weight,mcc,0.12170001755774526,1.0,40,1.8189894035458565e-12,1.8189894035458565e-11
0.2,random,class_weight,empc,-0.010948731337741435,0.425,40,0.3753805605592788,1.0
0.2,random,dirichlet@1.0,roc_auc,-0.005467705080536456,0.2,40,9.583873179508373e-07,4.7919365897541866e-06
0.2,random,dirichlet@1.0,pr_auc,-0.008349368440660504,0.35,40,0.0006384575062838849,0.0031922875314194243
0.2,random,dirichlet@1.0,f1,0.1731134418399913,0.975,40,3.456079866737127e-11,3.456079866737127e-11
0.2,random,dirichlet@1.0,mcc,0.06643824447829513,0.9,40,1.1641532182693481e-09,1.1641532182693481e-09
0.2,random,dirichlet@1.0,empc,-0.0294565967692888,0.35,40,0.017831046616265667,0.08915523308132833
0.2,random,easy_ensemble,roc_auc,-0.002109936684865421,0.15,40,4.9328082241117954e-06,1.9731232896447182e-05
0.2,random,easy_ensemble,pr_auc,-0.00792480564160336,0.15,40,1.8267201085109264e-07,1.2787040759576485e-06
0.2,random,easy_ensemble,f1,0.25046913365194096,1.0,40,1.8189894035458565e-12,1.8189894035458565e-11
0.2,random,easy_ensemble,mcc,0.12222565739650186,1.0,40,1.8189894035458565e-12,1.8189894035458565e-11
0.2,random,easy_ensemble,empc,-0.01476839575252642,0.4,40,0.18761708125202858,0.7504683250081143
0.2,random,ros@1.0,roc_auc,-0.0014685525241567299,0.375,40,0.0450981847334333,0.0901963694668666
0.2,random,ros@1.0,pr_auc,-0.0019728315321164147,0.425,40,0.35409228332900966,0.7081845666580193
0.2,random,ros@1.0,f1,0.2607219420234259,1.0,40,1.8189894035458565e-12,1.8189894035458565e-11
0.2,random,ros@1.0,mcc,0.12720697890094035,1.0,40,1.8189894035458565e-12,1.8189894035458565e-11
0.2,random,ros@1.0,empc,0.00943137707826791,0.525,40,0.9628961195248849,1.0
0.2,random,rus@1.0,roc_auc,-0.014324330409845043,0.05,40,9.094947017729282e-12,9.094947017729282e-11
0.2,random,rus@1.0,pr_auc,-0.03479369175351818,0.0,40,1.8189894035458565e-12,1.8189894035458565e-11
0.2,random,rus@1.0,f1,0.2499300715230494,1.0,40,1.8189894035458565e-12,1.8189894035458565e-11
0.2,random,rus@1.0,mcc,0.11050898689102316,1.0,40,1.8189894035458565e-12,1.8189894035458565e-11
0.2,random,rus@1.0,empc,-0.12512567504581584,0.075,40,6.775735528208315e-09,6.098161975387484e-08
0.2,random,smote@0.5,roc_auc,-0.0028395423112137497,0.125,40,1.2008968042209744e-08,7.205380825325847e-08
0.2,random,smote@0.5,pr_auc,-0.0033026265362078033,0.4,40,0.003690388592076488,0.014761554368305951
0.2,random,smote@0.5,f1,0.19267055927314397,1.0,40,1.8189894035458565e-12,1.8189894035458565e-11
0.2,random,smote@0.5,mcc,0.08626900483229959,1.0,40,1.8189894035458565e-12,1.8189894035458565e-11
0.2,random,smote@0.5,empc,-0.022700424772907013,0.275,40,0.0033575435081729665,0.0201452610490378
0.2,random,smote@1.0,roc_auc,-0.009040064508265055,0.075,40,3.765308065339923e-10,3.0122464522719383e-09
0.2,random,smote@1.0,pr_auc,-0.015833795488914587,0.2,40,1.03669663076289e-07,8.29357304610312e-07
0.2,random,smote@1.0,f1,0.23691069013218716,1.0,40,1.8189894035458565e-12,1.8189894035458565e-11
0.2,random,smote@1.0,mcc,0.0960201739965747,1.0,40,1.8189894035458565e-12,1.8189894035458565e-11
0.2,random,smote@1.0,empc,-0.09058879600433434,0.175,40,8.693659765413031e-07,6.954927812330425e-06
0.2,random,smote_enn@1.0,roc_auc,-0.02090764103366982,0.05,40,4.547473508864641e-11,4.092726157978177e-10
0.2,random,smote_enn@1.0,pr_auc,-0.04120869685760575,0.1,40,1.000444171950221e-10,9.00399754755199e-10
0.2,random,smote_enn@1.0,f1,0.2384450718375505,1.0,40,1.8189894035458565e-12,1.8189894035458565e-11
0.2,random,smote_enn@1.0,mcc,0.09995655237906154,1.0,40,1.8189894035458565e-12,1.8189894035458565e-11
0.2,random,smote_enn@1.0,empc,-0.20822878538616552,0.15,40,5.844412953592837e-09,5.844412953592837e-08
0.2,random,threshold,roc_auc,0.0,0.4,40,0.475050524053953,0.475050524053953
0.2,random,threshold,pr_auc,0.0,0.3,40,0.8864030063670636,0.8864030063670636
0.2,random,threshold,f1,0.2599135339291788,1.0,40,1.8189894035458565e-12,1.8189894035458565e-11
0.2,random,threshold,mcc,0.13069306700354816,1.0,40,1.8189894035458565e-12,1.8189894035458565e-11
0.2,random,threshold,empc,0.0,0.325,40,0.36056673509747184,1.0
0.2,temporal,adasyn@1.0,roc_auc,0.0001642381464460052,0.525,40,0.9100459608780511,1.0
0.2,temporal,adasyn@1.0,pr_auc,-0.002291632254126652,0.425,40,0.3611039877814619,1.0
0.2,temporal,adasyn@1.0,f1,0.2532489884759347,1.0,40,1.8189894035458565e-12,1.8189894035458565e-11
0.2,temporal,adasyn@1.0,mcc,0.13229829978730312,1.0,40,1.8189894035458565e-12,1.8189894035458565e-11
0.2,temporal,adasyn@1.0,empc,-0.004413863170978249,0.475,40,0.33356623058170953,1.0
0.2,temporal,class_weight,roc_auc,-0.0003079713823515573,0.45,40,0.3826448613508546,1.0
0.2,temporal,class_weight,pr_auc,0.004478453520812192,0.725,40,0.001517616927230847,0.013658552345077624
0.2,temporal,class_weight,f1,0.28391606863026364,1.0,40,1.8189894035458565e-12,1.8189894035458565e-11
0.2,temporal,class_weight,mcc,0.13499574675402373,1.0,40,1.8189894035458565e-12,1.8189894035458565e-11
0.2,temporal,class_weight,empc,-0.017228756244793697,0.4,40,0.16589964473860164,0.9451925408211537
0.2,temporal,dirichlet@1.0,roc_auc,0.0032517625686140916,0.725,40,0.02407598106947262,0.16853186748630833
0.2,temporal,dirichlet@1.0,pr_auc,0.0022193939795780993,0.55,40,0.4125340336249792,1.0
0.2,temporal,dirichlet@1.0,f1,0.16716961600762142,0.975,40,3.637978807091713e-12,1.8189894035458565e-11
0.2,temporal,dirichlet@1.0,mcc,0.08390566116584211,0.95,40,2.546585164964199e-11,2.546585164964199e-11
0.2,temporal,dirichlet@1.0,empc,0.02643880060790771,0.65,40,0.12471638389069994,0.9451925408211537
0.2,temporal,easy_ensemble,roc_auc,0.0025697661309468933,0.675,40,0.0005080382052256027,0.005080382052256027
0.2,temporal,easy_ensemble,pr_auc,0.0055416659768774135,0.725,40,0.0009411722930963151,0.009411722930963151
0.2,temporal,easy_ensemble,f1,0.3031980889367645,1.0,40,1.8189894035458565e-12,1.8189894035458565e-11
0.2,temporal,easy_ensemble,mcc,0.16270945425838118,1.0,40,1.8189894035458565e-12,1.8189894035458565e-11
0.2,temporal,easy_ensemble,empc,0.012954030075751799,0.6,40,0.11814906760264421,0.9451925408211537
0.2,temporal,ros@1.0,roc_auc,-0.0006072451502426301,0.45,40,0.826382224491681,1.0
0.2,temporal,ros@1.0,pr_auc,0.0025458622205994097,0.575,40,0.1577509693797765,0.946505816278659
0.2,temporal,ros@1.0,f1,0.28103479797191766,1.0,40,1.8189894035458565e-12,1.8189894035458565e-11
0.2,temporal,ros@1.0,mcc,0.13835929445920447,1.0,40,1.8189894035458565e-12,1.8189894035458565e-11
0.2,temporal,ros@1.0,empc,-0.044774207835088564,0.3,40,0.006955192886380246,0.06955192886380246
0.2,temporal,rus@1.0,roc_auc,-0.003574794131419423,0.275,40,0.01251208440407936,0.10009667523263488
0.2,temporal,rus@1.0,pr_auc,-0.007516511869513992,0.3,40,0.011536851214259514,0.09229480971407611
0.2,temporal,rus@1.0,f1,0.30331693155890516,1.0,40,1.8189894035458565e-12,1.8189894035458565e-11
0.2,temporal,rus@1.0,mcc,0.15579951989159208,1.0,40,1.8189894035458565e-12,1.8189894035458565e-11
0.2,temporal,rus@1.0,empc,-0.02269403557971028,0.325,40,0.062184092836105265,0.5596568355249474
0.2,temporal,smote@0.5,roc_auc,0.001124741639392357,0.6,40,0.20159339489509875,1.0
0.2,temporal,smote@0.5,pr_auc,-0.0012278828271157505,0.375,40,0.8057269839482615,1.0
0.2,temporal,smote@0.5,f1,0.1881198224480269,1.0,40,1.8189894035458565e-12,1.8189894035458565e-11
0.2,temporal,smote@0.5,mcc,0.0992829214151263,1.0,40,1.8189894035458565e-12,1.8189894035458565e-11
0.2,temporal,smote@0.5,empc,0.0014334335371928297,0.5,40,0.9311522501084255,1.0
0.2,temporal,smote@1.0,roc_auc,0.001298204331572017,0.575,40,0.8367550107286661,1.0
0.2,temporal,smote@1.0,pr_auc,-0.0014940774007471125,0.475,40,0.7546940826050559,1.0
0.2,temporal,smote@1.0,f1,0.25431696802646964,1.0,40,1.8189894035458565e-12,1.8189894035458565e-11
0.2,temporal,smote@1.0,mcc,0.1337488268527243,1.0,40,1.8189894035458565e-12,1.8189894035458565e-11
0.2,temporal,smote@1.0,empc,-0.0097348472301384,0.45,40,0.3073915451623179,1.0
0.2,temporal,smote_enn@1.0,roc_auc,0.0039138476295773605,0.675,40,0.0008436624721070984,0.007592962248963886
0.2,temporal,smote_enn@1.0,pr_auc,0.007211283657267059,0.6,40,0.02685272056623944,0.18796904396367609
0.2,temporal,smote_enn@1.0,f1,0.305167585714341,1.0,40,1.8189894035458565e-12,1.8189894035458565e-11
0.2,temporal,smote_enn@1.0,mcc,0.17206058914395958,1.0,40,1.8189894035458565e-12,1.8189894035458565e-11
0.2,temporal,smote_enn@1.0,empc,-0.000183992229287,0.5,40,0.2765956516359438,1.0
0.2,temporal,threshold,roc_auc,0.0,0.275,40,0.7317059346728588,1.0
0.2,temporal,threshold,pr_auc,0.0,0.25,40,0.44045294529422474,1.0
0.2,temporal,threshold,f1,0.2780192861512879,1.0,40,1.8189894035458565e-12,1.8189894035458565e-11
0.2,temporal,threshold,mcc,0.14130410951320205,1.0,40,1.8189894035458565e-12,1.8189894035458565e-11
0.2,temporal,threshold,empc,0.0,0.25,40,0.1531274510196695,0.9451925408211537
natural,random,class_weight,roc_auc,5.04777518350874e-05,0.6,40,0.7954479165618977,1.0
natural,random,class_weight,pr_auc,0.0002118180705917294,0.625,40,0.1000314528009767,0.5001572640048835
natural,random,class_weight,f1,-0.0013725962146923232,0.3,40,0.0016823487039800966,0.008411743519900483
natural,random,class_weight,mcc,-0.00036160110463251405,0.475,40,0.443733318028535,1.0
natural,random,class_weight,empc,0.0002374716403128474,0.5,40,0.7648249070225575,1.0
natural,random,dirichlet@1.0,roc_auc,0.0,0.3,40,0.14501397079599412,0.5800558831839765
natural,random,dirichlet@1.0,pr_auc,0.0,0.325,40,0.18658721888641716,0.7463488755456686
natural,random,dirichlet@1.0,f1,0.0,0.3,40,0.8376168070245121,0.8376168070245121
natural,random,dirichlet@1.0,mcc,0.0,0.275,40,0.26450786232203294,1.0
natural,random,dirichlet@1.0,empc,0.0,0.25,40,0.27438136433460003,1.0
natural,random,easy_ensemble,roc_auc,0.00043388097223767685,0.6,40,2.790258827534424e-05,0.0001953181179274097
natural,random,easy_ensemble,pr_auc,0.0010650424946358483,0.625,40,1.108315564837729e-05,7.758208953864103e-05
natural,random,easy_ensemble,f1,0.0005202719114991705,0.525,40,0.005467549012907864,0.021870196051631458
natural,random,easy_ensemble,mcc,0.0,0.475,40,0.07953343933418376,0.3976671966709188
natural,random,easy_ensemble,empc,0.0,0.35,40,0.5538124142676271,1.0
natural,random,ros@1.0,roc_auc,-9.213785810424646e-07,0.5,40,0.8367550107286661,1.0
natural,random,ros@1.0,pr_auc,0.00025244568400401013,0.6,40,0.3899927400161687,1.0
natural,random,ros@1.0,f1,-0.002006407262021004,0.4,40,0.00899504264089046,0.023753896675771102
natural,random,ros@1.0,mcc,-0.0005874399675880049,0.45,40,0.5717037787562731,1.0
natural,random,ros@1.0,empc,-0.002257397025786645,0.45,40,0.36820016943056544,1.0
natural,random,rus@1.0,roc_auc,-0.0001616916176776506,0.475,40,0.0918240616483672,0.45912030824183603
natural,random,rus@1.0,pr_auc,0.00029471010654186225,0.575,40,0.8680334030395898,1.0
natural,random,rus@1.0,f1,-0.002828948142870824,0.375,40,0.007917965558590367,0.023753896675771102
natural,random,rus@1.0,mcc,-0.0002676636555070111,0.475,40,0.7345573100628826,1.0
natural,random,rus@1.0,empc,-0.00885996506917408,0.4,40,0.07250633211879176,0.5075443248315423
natural,random,smote@1.0,roc_auc,-0.0005959500211814572,0.3,40,0.006096451763369259,0.03657871058021556
natural,random,smote@1.0,pr_auc,-0.00034887484775991684,0.35,40,0.04219436091807438,0.2531661655084463
natural,random,smote@1.0,f1,-0.0025430366535141857,0.3,40,0.0007984068197401939,0.004790440918441163
natural,random,smote@1.0,mcc,-0.0028526241123228435,0.35,40,0.049760567819248536,0.2985634069154912
natural,random,smote@1.0,empc,0.00013120076303252404,0.5,40,0.42797189528209856,1.0
natural,random,smote_enn@1.0,roc_auc,-0.030008037102997764,0.025,40,9.094947017729282e-12,7.275957614183426e-11
natural,random,smote_enn@1.0,pr_auc,-0.03895093607410233,0.05,40,3.456079866737127e-11,2.764863893389702e-10
natural,random,smote_enn@1.0,f1,-0.022371392726657113,0.025,40,5.4569682106375694e-12,4.3655745685100555e-11
natural,random,smote_enn@1.0,mcc,-0.04759131475902048,0.075,40,2.000888343900442e-10,1.6007106751203537e-09
natural,random,smote_enn@1.0,empc,-0.19112416744680338,0.0,40,1.8189894035458565e-12,1.4551915228366852e-11
natural,random,threshold,roc_auc,0.0,0.25,40,0.7750969621959847,1.0
natural,random,threshold,pr_auc,0.0,0.275,40,0.7750969621959847,1.0
natural,random,threshold,f1,0.011857174514318725,0.975,40,9.094947017729282e-12,6.366462912410498e-11
natural,random,threshold,mcc,-0.017689275955789036,0.125,40,3.9488440961577e-08,2.76419086731039e-07
natural,random,threshold,empc,0.0,0.225,40,0.1887500729032935,1.0
natural,temporal,class_weight,roc_auc,0.0001702839712383608,0.625,40,0.49291002014433616,1.0
natural,temporal,class_weight,pr_auc,0.0001131412698675005,0.55,40,0.6463036218483467,1.0
natural,temporal,class_weight,f1,-0.0015808614117572284,0.4,40,0.7546940826050559,1.0
natural,temporal,class_weight,mcc,0.0024563775164244683,0.575,40,0.14990237551683094,0.5996095020673238
natural,temporal,class_weight,empc,-0.002684180793357527,0.45,40,0.5272133391008538,1.0
natural,temporal,dirichlet@1.0,roc_auc,0.0,0.275,40,0.9636746235039864,1.0
natural,temporal,dirichlet@1.0,pr_auc,0.0,0.35,40,0.8376168070245121,1.0
natural,temporal,dirichlet@1.0,f1,0.0,0.475,40,0.028811461269779036,0.1728687676186742
natural,temporal,dirichlet@1.0,mcc,0.0,0.475,40,0.058754196392100354,0.2937709819605018
natural,temporal,dirichlet@1.0,empc,0.0,0.325,40,0.632507939829223,1.0
natural,temporal,easy_ensemble,roc_auc,0.0002445451623514505,0.55,40,0.00010832667192099258,0.0007582867034469481
natural,temporal,easy_ensemble,pr_auc,2.4850714493596104e-05,0.5,40,0.006732391536583077,0.047126740756081545
natural,temporal,easy_ensemble,f1,0.0001402727389951397,0.5,40,0.0007512164273393167,0.005258514991375217
natural,temporal,easy_ensemble,mcc,0.0012347965959188245,0.5,40,0.0010414427346697602,0.007290099142688322
natural,temporal,easy_ensemble,empc,0.0,0.475,40,0.02019607063179433,0.16156856505435463
natural,temporal,ros@1.0,roc_auc,-0.0004898637397186545,0.425,40,0.13868038851069286,0.6934019425534643
natural,temporal,ros@1.0,pr_auc,-0.0004898239586680897,0.425,40,0.17435350978121278,0.8717675489060639
natural,temporal,ros@1.0,f1,-0.0019150168135960155,0.35,40,0.3826448613508546,1.0
natural,temporal,ros@1.0,mcc,0.0008903257075970061,0.55,40,0.6367651425298391,1.0
natural,temporal,ros@1.0,empc,-0.0001511144052681601,0.5,40,0.8471556244439853,1.0
natural,temporal,rus@1.0,roc_auc,-0.00012155190575863228,0.475,40,0.7546940826050559,1.0
natural,temporal,rus@1.0,pr_auc,-0.0003815302453861191,0.425,40,0.48452077669571736,1.0
natural,temporal,rus@1.0,f1,-0.0018251074591236205,0.375,40,0.443733318028535,1.0
natural,temporal,rus@1.0,mcc,0.0009584838708510957,0.525,40,0.8057269839482615,1.0
natural,temporal,rus@1.0,empc,-0.0014150357914921585,0.45,40,0.6948266715426143,1.0
natural,temporal,smote@1.0,roc_auc,-0.0004583553806969398,0.325,40,0.07472652908654709,0.44835917451928253
natural,temporal,smote@1.0,pr_auc,-0.0005923944671918369,0.325,40,0.027836266126541886,0.16701759675925132
natural,temporal,smote@1.0,f1,-0.0017923560337608224,0.425,40,0.34032321635640983,1.0
natural,temporal,smote@1.0,mcc,-0.00112754780576102,0.45,40,0.6085058219759958,1.0
natural,temporal,smote@1.0,empc,0.0038560865716501525,0.575,40,0.8995151304461615,1.0
natural,temporal,smote_enn@1.0,roc_auc,0.010232157747451787,0.925,40,3.765308065339923e-10,3.0122464522719383e-09
natural,temporal,smote_enn@1.0,pr_auc,0.013507987640225039,0.85,40,1.03669663076289e-07,8.29357304610312e-07
natural,temporal,smote_enn@1.0,f1,-0.005446750180610194,0.4,40,0.9734926504152099,1.0
natural,temporal,smote_enn@1.0,mcc,0.018011992969450996,0.825,40,1.278353011002764e-06,1.0226824088022113e-05
natural,temporal,smote_enn@1.0,empc,-0.01919841626707175,0.45,40,0.5717037787562731,1.0
natural,temporal,threshold,roc_auc,0.0,0.225,40,0.5485062355001472,1.0
natural,temporal,threshold,pr_auc,0.0,0.275,40,0.1887500729032935,0.8717675489060639
natural,temporal,threshold,f1,0.02153723053599549,0.95,40,6.002665031701326e-11,4.802132025361061e-10
natural,temporal,threshold,mcc,0.01074767897719714,0.65,40,0.003690388592076488,0.022142331552458927
natural,temporal,threshold,empc,0.0,0.25,40,0.39136593830755195,1.0
