cutoff,n,churn_rate
2010-06-01,1480,0.1
2010-07-01,1554,0.09974259974259975
2010-08-01,1786,0.10022396416573348
2010-09-01,1948,0.10010266940451745
2010-10-01,1869,0.10005350454788657
2010-11-01,1756,0.10022779043280182
2010-12-01,1467,0.10020449897750511
2011-01-01,1429,0.1000699790062981
2011-02-01,1479,0.10006761325219743
2011-03-01,1573,0.09980928162746344
2011-04-01,1613,0.09981401115933045
2011-05-01,1623,0.09981515711645102
2011-06-01,1479,0.10006761325219743
2011-07-01,1566,0.10025542784163474
2011-08-01,1719,0.10005817335660268
2011-09-01,1870,0.1
